{
  "barcode": [
    [
      3.9191905963857927,
      3.2940699267034184,
      3.9185021874366366,
      3.2999929877824403,
      4.826811559262859,
      3.1874175624229686,
      3.1795233817094317,
      3.0831594395757325,
      3.014018569790659,
      1.615518082469916
    ],
    [
      4.010339275881161,
      3.3964476742353695,
      4.132807730265103,
      3.519907629928991,
      5.187738615596669,
      3.6025353632380366,
      4.175049051063069,
      4.18142962647819,
      5.35428378210167,
      7.189538043680521
    ]
  ],
  "representatives": [
    [
      65,
      99,
      82,
      80
    ],
    [
      64,
      65,
      63,
      82,
      85
    ],
    [
      64,
      86,
      88,
      91,
      87
    ],
    [
      64,
      61,
      65,
      59,
      58,
      82,
      85
    ],
    [
      20,
      25,
      27,
      38,
      21,
      26
    ],
    [
      70,
      65,
      68,
      99,
      72,
      98,
      66,
      100
    ],
    [
      78,
      79,
      72,
      75,
      68,
      85,
      82,
      74,
      80,
      84,
      66,
      70,
      65
    ],
    [
      78,
      79,
      72,
      75,
      92,
      68,
      98,
      82,
      85,
      74,
      80,
      64,
      84,
      94,
      95,
      77,
      90,
      66,
      70,
      65,
      86,
      97,
      88,
      91,
      87
    ],
    [
      16,
      20,
      35,
      52,
      30,
      24,
      23,
      19,
      49,
      43,
      45,
      36,
      44,
      31,
      14,
      39,
      33,
      25,
      46,
      40,
      48,
      34,
      50,
      15,
      21,
      27,
      18,
      38,
      26,
      42
    ],
    [
      5,
      56,
      35,
      55,
      60,
      30,
      32,
      6,
      67,
      45,
      73,
      64,
      90,
      4,
      13,
      86,
      63,
      54,
      91,
      62,
      58,
      52,
      12,
      28,
      75,
      23,
      92,
      41,
      43,
      11,
      36,
      69,
      98,
      68,
      82,
      85,
      84,
      39,
      77,
      95,
      7,
      25,
      71,
      66,
      76,
      59,
      93,
      50,
      34,
      2,
      10,
      18,
      27,
      26,
      87,
      42,
      100,
      79,
      16,
      20,
      81,
      19,
      49,
      44,
      9,
      31,
      74,
      61,
      29,
      94,
      46,
      57,
      70,
      21,
      38,
      88,
      78,
      72,
      24,
      8,
      17,
      37,
      1,
      53,
      22,
      47,
      83,
      99,
      89,
      14,
      80,
      3,
      96,
      51,
      33,
      40,
      48,
      65,
      15,
      97
    ]
  ]
}
