{
  "barcode": [
    [
      0.9396149725964144,
      0.7234031551452256,
      1.3595236376423807,
      0.9618117823508127,
      1.3359838387182863,
      1.4218866912534267
    ],
    [
      0.9632286480957402,
      0.7734187318849851,
      1.4754558514389797,
      5.021112258886711,
      6.600464215724278,
      8.248533155413075
    ]
  ],
  "representatives": [
    [
      70,
      72,
      71,
      73
    ],
    [
      5,
      72,
      74,
      3
    ],
    [
      5,
      71,
      73,
      8
    ],
    [
      5,
      35,
      30,
      32,
      6,
      45,
      73,
      4,
      13,
      12,
      28,
      75,
      23,
      41,
      11,
      39,
      77,
      7,
      76,
      34,
      50,
      27,
      26,
      42,
      79,
      16,
      20,
      19,
      44,
      9,
      31,
      74,
      29,
      46,
      21,
      38,
      78,
      24,
      8,
      17,
      37,
      22,
      14,
      33,
      40,
      15
    ],
    [
      78,
      79,
      55,
      81,
      58,
      60,
      92,
      67,
      69,
      99,
      98,
      73,
      82,
      89,
      74,
      85,
      96,
      64,
      61,
      77,
      95,
      94,
      84,
      90,
      76,
      57,
      93,
      70,
      65,
      54,
      59,
      97,
      88,
      86,
      63,
      91,
      62,
      87,
      100
    ],
    [
      116,
      142,
      114,
      122,
      110,
      123,
      133,
      132,
      105,
      141,
      148,
      111,
      137,
      136,
      117,
      145,
      121,
      146,
      118,
      119,
      130,
      106,
      125,
      112,
      126,
      108,
      107,
      139,
      103,
      102,
      128,
      113,
      129,
      104,
      147,
      131,
      144,
      127,
      140,
      134,
      150
    ]
  ]
}
